P1.jpg,https://raw.githubusercontent.com/mattmg83/intrapreneurs-game-assets/main/projects/P1.jpg
P10.jpg,https://raw.githubusercontent.com/mattmg83/intrapreneurs-game-assets/main/projects/P10.jpg
P11.jpg,https://raw.githubusercontent.com/mattmg83/intrapreneurs-game-assets/main/projects/P11.jpg
P12.jpg,https://raw.githubusercontent.com/mattmg83/intrapreneurs-game-assets/main/projects/P12.jpg
P13.jpg,https://raw.githubusercontent.com/mattmg83/intrapreneurs-game-assets/main/projects/P13.jpg
P14.jpg,https://raw.githubusercontent.com/mattmg83/intrapreneurs-game-assets/main/projects/P14.jpg
P15.jpg,https://raw.githubusercontent.com/mattmg83/intrapreneurs-game-assets/main/projects/P15.jpg
P16.jpg,https://raw.githubusercontent.com/mattmg83/intrapreneurs-game-assets/main/projects/P16.jpg
P17.jpg,https://raw.githubusercontent.com/mattmg83/intrapreneurs-game-assets/main/projects/P17.jpg
P2.jpg,https://raw.githubusercontent.com/mattmg83/intrapreneurs-game-assets/main/projects/P2.jpg
P3.jpg,https://raw.githubusercontent.com/mattmg83/intrapreneurs-game-assets/main/projects/P3.jpg
P4.jpg,https://raw.githubusercontent.com/mattmg83/intrapreneurs-game-assets/main/projects/P4.jpg
P5.jpg,https://raw.githubusercontent.com/mattmg83/intrapreneurs-game-assets/main/projects/P5.jpg
P6.jpg,https://raw.githubusercontent.com/mattmg83/intrapreneurs-game-assets/main/projects/P6.jpg
P7.jpg,https://raw.githubusercontent.com/mattmg83/intrapreneurs-game-assets/main/projects/P7.jpg
P8.jpg,https://raw.githubusercontent.com/mattmg83/intrapreneurs-game-assets/main/projects/P8.jpg
P9.jpg,https://raw.githubusercontent.com/mattmg83/intrapreneurs-game-assets/main/projects/P9.jpg