ACCR31.jpg,https://raw.githubusercontent.com/mattmg83/intrapreneurs-game-assets/main/round3_assets/ACCR31.jpg
ACCR32.jpg,https://raw.githubusercontent.com/mattmg83/intrapreneurs-game-assets/main/round3_assets/ACCR32.jpg
ACCR33.jpg,https://raw.githubusercontent.com/mattmg83/intrapreneurs-game-assets/main/round3_assets/ACCR33.jpg
ACOR31.jpg,https://raw.githubusercontent.com/mattmg83/intrapreneurs-game-assets/main/round3_assets/ACOR31.jpg
ACOR32.jpg,https://raw.githubusercontent.com/mattmg83/intrapreneurs-game-assets/main/round3_assets/ACOR32.jpg
ACOR33.jpg,https://raw.githubusercontent.com/mattmg83/intrapreneurs-game-assets/main/round3_assets/ACOR33.jpg
ACOR34.jpg,https://raw.githubusercontent.com/mattmg83/intrapreneurs-game-assets/main/round3_assets/ACOR34.jpg
ACRER31.jpg,https://raw.githubusercontent.com/mattmg83/intrapreneurs-game-assets/main/round3_assets/ACRER31.jpg
ACRER32.jpg,https://raw.githubusercontent.com/mattmg83/intrapreneurs-game-assets/main/round3_assets/ACRER32.jpg
ACRSR31.jpg,https://raw.githubusercontent.com/mattmg83/intrapreneurs-game-assets/main/round3_assets/ACRSR31.jpg
ACRSR32.jpg,https://raw.githubusercontent.com/mattmg83/intrapreneurs-game-assets/main/round3_assets/ACRSR32.jpg
ACRSR33.jpg,https://raw.githubusercontent.com/mattmg83/intrapreneurs-game-assets/main/round3_assets/ACRSR33.jpg
ACRSR34.jpg,https://raw.githubusercontent.com/mattmg83/intrapreneurs-game-assets/main/round3_assets/ACRSR34.jpg
ACRSR35.jpg,https://raw.githubusercontent.com/mattmg83/intrapreneurs-game-assets/main/round3_assets/ACRSR35.jpg
ACRSR36.jpg,https://raw.githubusercontent.com/mattmg83/intrapreneurs-game-assets/main/round3_assets/ACRSR36.jpg
ACRSR37.jpg,https://raw.githubusercontent.com/mattmg83/intrapreneurs-game-assets/main/round3_assets/ACRSR37.jpg
ACRSR38.jpg,https://raw.githubusercontent.com/mattmg83/intrapreneurs-game-assets/main/round3_assets/ACRSR38.jpg
ACRSR39.jpg,https://raw.githubusercontent.com/mattmg83/intrapreneurs-game-assets/main/round3_assets/ACRSR39.jpg
ACTR31.jpg,https://raw.githubusercontent.com/mattmg83/intrapreneurs-game-assets/main/round3_assets/ACTR31.jpg
ACTR32.jpg,https://raw.githubusercontent.com/mattmg83/intrapreneurs-game-assets/main/round3_assets/ACTR32.jpg
ACTR33.jpg,https://raw.githubusercontent.com/mattmg83/intrapreneurs-game-assets/main/round3_assets/ACTR33.jpg
OCR31.jpg,https://raw.githubusercontent.com/mattmg83/intrapreneurs-game-assets/main/round3_assets/OCR31.jpg
OCR32.jpg,https://raw.githubusercontent.com/mattmg83/intrapreneurs-game-assets/main/round3_assets/OCR32.jpg
OCR33.jpg,https://raw.githubusercontent.com/mattmg83/intrapreneurs-game-assets/main/round3_assets/OCR33.jpg
OCR34.jpg,https://raw.githubusercontent.com/mattmg83/intrapreneurs-game-assets/main/round3_assets/OCR34.jpg
OCR35.jpg,https://raw.githubusercontent.com/mattmg83/intrapreneurs-game-assets/main/round3_assets/OCR35.jpg
OCR36.jpg,https://raw.githubusercontent.com/mattmg83/intrapreneurs-game-assets/main/round3_assets/OCR36.jpg